微信支付账单明细,,,,,,,,,,
微信昵称：[我的微信],,,,,,,,,,
起始时间：[2024-03-01 00:00:00] 终止时间：[2024-03-31 23:59:59],,,,,,,,,,
导出类型：[全部],,,,,,,,,,
导出时间：[2024-04-01 10:12:33],,,,,,,,,,
共12笔记录,,,,,,,,,,
收入：2笔 1280.00元,,,,,,,,,,
支出：9笔 1586.30元,,,,,,,,,,
中性交易：1笔 500.00元,,,,,,,,,,
注：本账单仅包含微信支付交易，不含红包、转账等,,,,,,,,,,
,,,,,,,,,,
----------------------微信支付账单明细列表--------------------,,,,,,,,,,
交易时间,交易类型,交易对方,商品,收/支,金额(元),支付方式,当前状态,交易单号,商户单号,备注
2024-03-02 08:31:20,商户消费,肯德基(北京)餐饮有限公司,早餐套餐,支出,¥18.50,零钱,支付成功,4200001234202403020001,100020240302001,
2024-03-02 12:20:11,商户消费,美团平台商户,外卖午餐,支出,¥32.00,零钱,支付成功,4200001234202403020002,100020240302002,
2024-03-03 19:05:44,商户消费,永辉超市,日用百货,支出,¥126.80,招商银行(1234),支付成功,4200001234202403030003,100020240303003,
2024-03-05 07:58:02,商户消费,滴滴出行,快车费,支出,¥24.60,零钱,支付成功,4200001234202403050004,100020240305004,
2024-03-06 21:14:30,商户消费,万达影城,电影票2张,支出,¥78.00,零钱,支付成功,4200001234202403060005,100020240306005,
2024-03-08 10:00:00,转账,零钱提现,提现到招商银行(1234),不计收支,¥500.00,零钱,提现已到账,4200001234202403080006,100020240308006,
2024-03-10 09:12:00,商户消费,某某科技有限公司,工资代发,收入,¥12800.00,零钱,已存入零钱,4200001234202403100007,100020240310007,3月工资
2024-03-12 20:41:15,商户消费,中国移动,话费充值,支出,¥58.00,零钱,充值成功,4200001234202403120008,100020240312008,
2024-03-15 08:00:03,商户消费,Netflix,会员订阅,支出,¥25.00,零钱,支付成功,4200001234202403150009,100020240315009,自动续费
2024-03-15 08:00:05,商户消费,网易云音乐,会员订阅,支出,¥15.00,零钱,支付成功,4200001234202403150010,100020240315010,连续包月
2024-03-18 13:22:47,商户消费,瑞幸咖啡,生椰拿铁,支出,¥16.90,零钱,支付成功,4200001234202403180011,100020240318011,
2024-03-20 11:03:09,商户消费,京东商城,耳机,支出,¥399.00,招商银行(1234),已全额退款,4200001234202403200012,100020240320012,已退款
2024-03-20 11:03:09,商户消费,京东商城,耳机,支出,¥399.00,招商银行(1234),已全额退款,4200001234202403200012,100020240320012,重复导出测试行
2024-03-22 02:31:55,商户消费,某某数码旗舰店,蓝牙耳机,支出,¥1280.00,零钱,支付成功,4200001234202403220013,100020240322013,
2024-03-24 16:45:00,商户消费,全家便利店,饮料零食,支出,¥23.60,零钱,支付成功,4200001234202403240014,100020240324014,
2024-03-26 09:15:00,商户消费,中国联通,宽带续费,支出,¥99.00,零钱,交易关闭,4200001234202403260015,100020240326015,超时未支付
2024-03-28 12:00:00,微信红包,张三,微信红包,收入,¥200.00,零钱,已收钱,4200001234202403280016,100020240328016,生日红包
